gene,phenotype,chromosome,start,end,bf_common,bf_rare,huge,group,renderScore,range
"CDKN2B","CAC","9",22002902,22009304,3,1,3,"CARDIOVASCULAR",1.0986122886681096,"Moderate"
"CDKN2B","Spleen_volume","9",22002902,22009304,3,1,3,"GLYCEMIC",1.0986122886681096,"Moderate"
"CDKN2B","HBA1C","9",22002902,22009304,3,1,3,"GLYCEMIC",1.0986122886681096,"Moderate"
"CDKN2B","BSandFG","9",22002902,22009304,3,1,3,"GLYCEMIC",1.0986122886681096,"Moderate"
"CDKN2B","HF","9",22002902,22009304,3,1,3,"CARDIOVASCULAR",1.0986122886681096,"Moderate"
"CDKN2B","Stroke","9",22002902,22009304,3,1,3,"STROKE",1.0986122886681096,"Moderate"
"CDKN2B","AfibFlutter","9",22002902,22009304,3,1,3,"ATRIAL FIBRILLATION",1.0986122886681096,"Moderate"
"CDKN2B","DBP","9",22002902,22009304,3,1,3,"CARDIOVASCULAR",1.0986122886681096,"Moderate"
"CDKN2B","Stroke_ischemic","9",22002902,22009304,3,1,3,"STROKE",1.0986122886681096,"Moderate"
"CDKN2B","AnyCVDinT2D","9",22002902,22009304,3,1,3,"DIABETIC COMPLICATIONS",1.0986122886681096,"Moderate"
"CDKN2B","eGFRcrea","9",22002902,22009304,3,1,3,"RENAL",1.0986122886681096,"Moderate"
"CDKN2B","HEIGHT","9",22002902,22009304,3,1,3,"ANTHROPOMETRIC",1.0986122886681096,"Moderate"
"CDKN2B","PAD","9",22002902,22009304,3,1,3,"CARDIOVASCULAR",1.0986122886681096,"Moderate"
"CDKN2B","T2D_preg","9",22002902,22009304,3,1,3,"GLYCEMIC",1.0986122886681096,"Moderate"
"CDKN2B","AbAA","9",22002902,22009304,3,1,3,"CARDIOVASCULAR",1.0986122886681096,"Moderate"
"CDKN2B","CADinT2D","9",22002902,22009304,3,1,3,"DIABETIC COMPLICATIONS",1.0986122886681096,"Moderate"
"CDKN2B","PVDinT2D","9",22002902,22009304,3,1,3,"DIABETIC COMPLICATIONS",1.0986122886681096,"Moderate"
"CDKN2B","Ca","9",22002902,22009304,3,1,3,"METABOLITE",1.0986122886681096,"Moderate"
"CDKN2B","PAD_eversmk","9",22002902,22009304,3,1,3,"CARDIOVASCULAR",1.0986122886681096,"Moderate"
"CDKN2B","nonHDL","9",22002902,22009304,3,1,3,"LIPIDS",1.0986122886681096,"Moderate"
"CDKN2B","Cl","9",22002902,22009304,3,1,3,"METABOLITE",1.0986122886681096,"Moderate"
"CDKN2B","MI","9",22002902,22009304,3,1,3,"CARDIOVASCULAR",1.0986122886681096,"Moderate"
"CDKN2B","VCDR","9",22002902,22009304,3,1,3,"OCULAR",1.0986122886681096,"Moderate"
"CDKN2B","Creatinine","9",22002902,22009304,3,1,3,"RENAL",1.0986122886681096,"Moderate"
"CDKN2B","CHOL","9",22002902,22009304,3,1,3,"LIPIDS",1.0986122886681096,"Moderate"
"CDKN2B","SAH","9",22002902,22009304,3,1,3,"STROKE",1.0986122886681096,"Moderate"
"CDKN2B","LDL","9",22002902,22009304,3,1,3,"LIPIDS",1.0986122886681096,"Moderate"
"CDKN2B","T2DadjBMI","9",22002902,22009304,3,1,3,"GLYCEMIC",1.0986122886681096,"Moderate"
"CDKN2B","POAG","9",22002902,22009304,3,1,3,"OCULAR",1.0986122886681096,"Moderate"
"CDKN2B","IA","9",22002902,22009304,3,1,3,"STROKE",1.0986122886681096,"Moderate"
"CDKN2B","CADinT1D","9",22002902,22009304,3,1,3,"DIABETIC COMPLICATIONS",1.0986122886681096,"Moderate"
"CDKN2B","IAU","9",22002902,22009304,3,1,3,"STROKE",1.0986122886681096,"Moderate"
"CDKN2B","CataractSenile","9",22002902,22009304,3,1,3,"OCULAR",1.0986122886681096,"Moderate"
"CDKN2B","BS","9",22002902,22009304,3,1,3,"GLYCEMIC",1.0986122886681096,"Moderate"
"CDKN2B","T2DwPC","9",22002902,22009304,3,1,3,"GLYCEMIC",1.0986122886681096,"Moderate"
"CDKN2B","CAD","9",22002902,22009304,3,1,3,"CARDIOVASCULAR",1.0986122886681096,"Moderate"
"CDKN2B","T2D","9",22002902,22009304,3,1,3,"GLYCEMIC",1.0986122886681096,"Moderate"
"CDKN2B","Optic_cup_area","9",22002902,22009304,3,1,3,"OCULAR",1.0986122886681096,"Moderate"
"CDKN2B","PulsePress","9",22002902,22009304,3,1,3,"CARDIOVASCULAR",1.0986122886681096,"Moderate"
"CDKN2B","ProteinIntake","9",22002902,22009304,1,2.431889074433304,2.431889074433304,"NUTRITIONAL",0.8886683522221455,"Anecdotal"
"CDKN2B","Dermatophytosis","9",22002902,22009304,1,2.1236781610563327,2.1236781610563327,"OTHER",0.7531495669722339,"Anecdotal"
"CDKN2B","T1D","9",22002902,22009304,1,1.0241806749304265,1.0241806749304265,"TYPE 1 DIABETES",0.023892951415290763,"Anecdotal"
"CDKN2B","C16_1n_7","9",22002902,22009304,1,1,1,"LIPIDS",0,"No evidence"
"CDKN2B","PAD_neversmk","9",22002902,22009304,1,1,1,"CARDIOVASCULAR",0,"No evidence"
"CDKN2B","VitD","9",22002902,22009304,1,1,1,"METABOLITE",0,"No evidence"
"CDKN2B","CKD_DNinT2D","9",22002902,22009304,1,1,1,"DIABETIC COMPLICATIONS",0,"No evidence"
"CDKN2B","IDLpart","9",22002902,22009304,1,1,1,"LIPIDS",0,"No evidence"
"CDKN2B","Insulin_60_min_OGTT_metformin","9",22002902,22009304,1,1,1,"METFORMIN RESPONSE",0,"No evidence"
"CDKN2B","LVESIL","9",22002902,22009304,1,1,1,"CARDIOVASCULAR",0,"No evidence"
"CDKN2B","SnoringAdjBMI","9",22002902,22009304,1,1,1,"SLEEP AND CIRCADIAN",0,"No evidence"
"CDKN2B","CFH2_levels","9",22002902,22009304,1,1,1,"OTHER",0,"No evidence"
"CDKN2B","Change_in_HOMA_B_after_metformin","9",22002902,22009304,1,1,1,"METFORMIN RESPONSE",0,"No evidence"
"CDKN2B","ESRD_DM","9",22002902,22009304,1,1,1,"RENAL",0,"No evidence"
"CDKN2B","Insulin_120_min_OGTT_metformin","9",22002902,22009304,1,1,1,"METFORMIN RESPONSE",0,"No evidence"
"CDKN2B","Slope_to_glucose_trough_glipizide_adjusted_baseline_glucose","9",22002902,22009304,1,1,1,"SULFONYLUREA RESPONSE",0,"No evidence"
"CDKN2B","BNP","9",22002902,22009304,1,1,1,"CARDIOVASCULAR",0,"No evidence"
"CDKN2B","C20_5n_3","9",22002902,22009304,1,1,1,"LIPIDS",0,"No evidence"
"CDKN2B","CVDinT2D","9",22002902,22009304,1,1,1,"DIABETIC COMPLICATIONS",0,"No evidence"
"CDKN2B","Neuromyelitis_optica_IgG_plus","9",22002902,22009304,1,1,1,"OCULAR",0,"No evidence"
"CDKN2B","TT3overFT4","9",22002902,22009304,1,1,1,"GLYCEMIC",0,"No evidence"
"CDKN2B","UACR_DM","9",22002902,22009304,1,1,1,"RENAL",0,"No evidence"
"CDKN2B","saltconsumption","9",22002902,22009304,1,1,1,"NUTRITIONAL",0,"No evidence"
"CDKN2B","AcAce","9",22002902,22009304,1,1,1,"METABOLITE",0,"No evidence"
"CDKN2B","CCSpSAOmajincl","9",22002902,22009304,1,1,1,"STROKE",0,"No evidence"
"CDKN2B","DHA","9",22002902,22009304,1,1,1,"LIPIDS",0,"No evidence"
"CDKN2B","LVEDV","9",22002902,22009304,1,1,1,"CARDIOVASCULAR",0,"No evidence"
"CDKN2B","DRvNoDRwDoD","9",22002902,22009304,1,1,1,"DIABETIC COMPLICATIONS",0,"No evidence"
"CDKN2B","GA","9",22002902,22009304,1,1,1,"OCULAR",0,"No evidence"
"CDKN2B","LVEDAL","9",22002902,22009304,1,1,1,"CARDIOVASCULAR",0,"No evidence"
"CDKN2B","MacrovControl_T1D","9",22002902,22009304,1,1,1,"RENAL",0,"No evidence"
"CDKN2B","OPL","9",22002902,22009304,1,1,1,"OCULAR",0,"No evidence"
"CDKN2B","PC1diet","9",22002902,22009304,1,1,1,"NUTRITIONAL",0,"No evidence"
"CDKN2B","PolyneuropathyDM","9",22002902,22009304,1,1,1,"DIABETIC COMPLICATIONS",0,"No evidence"
"CDKN2B","eGFRcrea_med_DeclineAdjBL","9",22002902,22009304,1,1,1,"RENAL",0,"No evidence"
"CDKN2B","ASATtoGFAT","9",22002902,22009304,1,1,1,"ANTHROPOMETRIC",0,"No evidence"
"CDKN2B","Glucose_trough_glipizide_adjusted_baseline_glucose","9",22002902,22009304,1,1,1,"SULFONYLUREA RESPONSE",0,"No evidence"
"CDKN2B","LVESIS","9",22002902,22009304,1,1,1,"CARDIOVASCULAR",0,"No evidence"
"CDKN2B","SBP","9",22002902,22009304,1,1,1,"CARDIOVASCULAR",0,"No evidence"
"CDKN2B","SpO2min","9",22002902,22009304,1,1,1,"SLEEP AND CIRCADIAN",0,"No evidence"
"CDKN2B","CKD_T1D","9",22002902,22009304,1,1,1,"RENAL",0,"No evidence"
"CDKN2B","MeanSleepEfficiencyRN","9",22002902,22009304,1,1,1,"SLEEP AND CIRCADIAN",0,"No evidence"
"CDKN2B","ChronotypeSingle","9",22002902,22009304,1,1,1,"SLEEP AND CIRCADIAN",0,"No evidence"
"CDKN2B","EaseOfWakingUp","9",22002902,22009304,1,1,1,"SLEEP AND CIRCADIAN",0,"No evidence"
"CDKN2B","AAC","9",22002902,22009304,1,1,1,"CARDIOVASCULAR",0,"No evidence"
"CDKN2B","AMDprogression","9",22002902,22009304,1,1,1,"OCULAR",0,"No evidence"
"CDKN2B","CCSpLAAmajincl","9",22002902,22009304,1,1,1,"STROKE",0,"No evidence"
"CDKN2B","CystatinC","9",22002902,22009304,1,1,1,"RENAL",0,"No evidence"
"CDKN2B","DME","9",22002902,22009304,1,1,1,"DIABETIC COMPLICATIONS",0,"No evidence"
"CDKN2B","DPAcm","9",22002902,22009304,1,1,1,"CARDIOVASCULAR",0,"No evidence"
"CDKN2B","ESRDvMacroinT2D","9",22002902,22009304,1,1,1,"RENAL",0,"No evidence"
"CDKN2B","MVP","9",22002902,22009304,1,1,1,"CARDIOVASCULAR",0,"No evidence"
"CDKN2B","PAStraincm","9",22002902,22009304,1,1,1,"CARDIOVASCULAR",0,"No evidence"
"CDKN2B","TT3","9",22002902,22009304,1,1,1,"GLYCEMIC",0,"No evidence"
"CDKN2B","VAT","9",22002902,22009304,1,1,1,"ANTHROPOMETRIC",0,"No evidence"
"CDKN2B","AscAortaStrain","9",22002902,22009304,1,1,1,"CARDIOVASCULAR",0,"No evidence"
"CDKN2B","ESRDvMacro_T1D","9",22002902,22009304,1,1,1,"RENAL",0,"No evidence"
"CDKN2B","PAcm","9",22002902,22009304,1,1,1,"CARDIOVASCULAR",0,"No evidence"
"CDKN2B","PEAK","9",22002902,22009304,1,1,1,"GLYCEMIC",0,"No evidence"
"CDKN2B","C18_1n_7","9",22002902,22009304,1,1,1,"LIPIDS",0,"No evidence"
"CDKN2B","CCScINCUNC","9",22002902,22009304,1,1,1,"STROKE",0,"No evidence"
"CDKN2B","MA","9",22002902,22009304,1,1,1,"RENAL",0,"No evidence"
"CDKN2B","Pyr","9",22002902,22009304,1,1,1,"METABOLITE",0,"No evidence"
"CDKN2B","RRinterval","9",22002902,22009304,1,1,1,"ECG TRAITS",0,"No evidence"
"CDKN2B","freshfruit","9",22002902,22009304,1,1,1,"NUTRITIONAL",0,"No evidence"
"CDKN2B","AM_broad_int","9",22002902,22009304,1,1,1,"NUTRITIONAL",0,"No evidence"
"CDKN2B","DPAcmInd","9",22002902,22009304,1,1,1,"CARDIOVASCULAR",0,"No evidence"
"CDKN2B","Insulin_240_min_glipizide","9",22002902,22009304,1,1,1,"SULFONYLUREA RESPONSE",0,"No evidence"
"CDKN2B","NeckCiradjBMI","9",22002902,22009304,1,1,1,"SLEEP AND CIRCADIAN",0,"No evidence"
"CDKN2B","SCAD","9",22002902,22009304,1,1,1,"CARDIOVASCULAR",0,"No evidence"
"CDKN2B","SM","9",22002902,22009304,1,1,1,"LIPIDS",0,"No evidence"
"CDKN2B","T1DAgeO","9",22002902,22009304,1,1,1,"TYPE 1 DIABETES",0,"No evidence"
"CDKN2B","2hrCPEP","9",22002902,22009304,1,1,1,"GLYCEMIC",0,"No evidence"
"CDKN2B","CKD_DM","9",22002902,22009304,1,1,1,"RENAL",0,"No evidence"
"CDKN2B","MacroInT2D","9",22002902,22009304,1,1,1,"DIABETIC COMPLICATIONS",0,"No evidence"
"CDKN2B","MeanSleepM10timeRN","9",22002902,22009304,1,1,1,"SLEEP AND CIRCADIAN",0,"No evidence"
"CDKN2B","MyocardialT1","9",22002902,22009304,1,1,1,"CARDIOVASCULAR",0,"No evidence"
"CDKN2B","SleepApneaAdjBMI","9",22002902,22009304,1,1,1,"SLEEP AND CIRCADIAN",0,"No evidence"
"CDKN2B","T2DwKA","9",22002902,22009304,1,1,1,"GLYCEMIC",0,"No evidence"
"CDKN2B","TGtoHDL","9",22002902,22009304,1,1,1,"LIPIDS",0,"No evidence"
"CDKN2B","allDKD","9",22002902,22009304,1,1,1,"RENAL",0,"No evidence"
"CDKN2B","AM_heavy_int","9",22002902,22009304,1,1,1,"NUTRITIONAL",0,"No evidence"
"CDKN2B","ASAT","9",22002902,22009304,1,1,1,"ANTHROPOMETRIC",0,"No evidence"
"CDKN2B","C18_0","9",22002902,22009304,1,1,1,"LIPIDS",0,"No evidence"
"CDKN2B","DI_Kadowaki_Matsuda","9",22002902,22009304,1,1,1,"GLYCEMIC",0,"No evidence"
"CDKN2B","RVEDVtoLVEDV","9",22002902,22009304,1,1,1,"CARDIOVASCULAR",0,"No evidence"
"CDKN2B","AST","9",22002902,22009304,1,1,1,"HEPATIC",0,"No evidence"
"CDKN2B","PC","9",22002902,22009304,1,1,1,"METABOLITE",0,"No evidence"
"CDKN2B","cIMT","9",22002902,22009304,1,1,1,"CARDIOVASCULAR",0,"No evidence"
"CDKN2B","CCScUNDETER","9",22002902,22009304,1,1,1,"STROKE",0,"No evidence"
"CDKN2B","Phosphate","9",22002902,22009304,1,1,1,"METABOLITE",0,"No evidence"
"CDKN2B","SmokingFGmain","9",22002902,22009304,1,1,1,"GLYCEMIC",0,"No evidence"
"CDKN2B","LEP","9",22002902,22009304,1,1,1,"LIPIDS",0,"No evidence"
"CDKN2B","SpO2per90","9",22002902,22009304,1,1,1,"SLEEP AND CIRCADIAN",0,"No evidence"
"CDKN2B","lobarSVS","9",22002902,22009304,1,1,1,"STROKE",0,"No evidence"
"CDKN2B","AdrenalHyper","9",22002902,22009304,1,1,1,"GLYCEMIC",0,"No evidence"
"CDKN2B","DI","9",22002902,22009304,1,1,1,"GLYCEMIC",0,"No evidence"
"CDKN2B","Insulin_180_min_glipizide","9",22002902,22009304,1,1,1,"SULFONYLUREA RESPONSE",0,"No evidence"
"CDKN2B","LVEDAS","9",22002902,22009304,1,1,1,"CARDIOVASCULAR",0,"No evidence"
"CDKN2B","MeanSleepDiurnalInactRN","9",22002902,22009304,1,1,1,"SLEEP AND CIRCADIAN",0,"No evidence"
"CDKN2B","RVSVtoLVSV","9",22002902,22009304,1,1,1,"CARDIOVASCULAR",0,"No evidence"
"CDKN2B","AFxBMI","9",22002902,22009304,1,1,1,"ATRIAL FIBRILLATION",0,"No evidence"
"CDKN2B","FAw3","9",22002902,22009304,1,1,1,"LIPIDS",0,"No evidence"
"CDKN2B","Glol","9",22002902,22009304,1,1,1,"METABOLITE",0,"No evidence"
"CDKN2B","LAPEF","9",22002902,22009304,1,1,1,"CARDIOVASCULAR",0,"No evidence"
"CDKN2B","PSMR","9",22002902,22009304,1,1,1,"STROKE",0,"No evidence"
"CDKN2B","AMD","9",22002902,22009304,1,1,1,"OCULAR",0,"No evidence"
"CDKN2B","BMI8mons","9",22002902,22009304,1,1,1,"ANTHROPOMETRIC",0,"No evidence"
"CDKN2B","C18_3n_3","9",22002902,22009304,1,1,1,"LIPIDS",0,"No evidence"
"CDKN2B","SmokingT2Dint","9",22002902,22009304,1,1,1,"GLYCEMIC",0,"No evidence"
"CDKN2B","T2DwOM","9",22002902,22009304,1,1,1,"GLYCEMIC",0,"No evidence"
"CDKN2B","WAIST","9",22002902,22009304,1,1,1,"ANTHROPOMETRIC",0,"No evidence"
"CDKN2B","CSC","9",22002902,22009304,1,1,1,"OCULAR",0,"No evidence"
"CDKN2B","ESRDvNonESRDadjHbA1cBMI_T1D","9",22002902,22009304,1,1,1,"RENAL",0,"No evidence"
"CDKN2B","LiverIron","9",22002902,22009304,1,1,1,"HEPATIC",0,"No evidence"
"CDKN2B","PAH","9",22002902,22009304,1,1,1,"CARDIOVASCULAR",0,"No evidence"
"CDKN2B","PAtoARsys","9",22002902,22009304,1,1,1,"CARDIOVASCULAR",0,"No evidence"
"CDKN2B","IPL","9",22002902,22009304,1,1,1,"OCULAR",0,"No evidence"
"CDKN2B","NT1","9",22002902,22009304,1,1,1,"SLEEP AND CIRCADIAN",0,"No evidence"
"CDKN2B","ESRDvMacroadjHbA1cBMI_T1D","9",22002902,22009304,1,1,1,"RENAL",0,"No evidence"
"CDKN2B","HDL2chol","9",22002902,22009304,1,1,1,"LIPIDS",0,"No evidence"
"CDKN2B","PACG","9",22002902,22009304,1,1,1,"OCULAR",0,"No evidence"
"CDKN2B","AHIinNREM","9",22002902,22009304,1,1,1,"SLEEP AND CIRCADIAN",0,"No evidence"
"CDKN2B","MeanSleepNumEpisodesRN","9",22002902,22009304,1,1,1,"SLEEP AND CIRCADIAN",0,"No evidence"
"CDKN2B","YouthT2D","9",22002902,22009304,1,1,1,"GLYCEMIC",0,"No evidence"
"CDKN2B","DescAortaDiam","9",22002902,22009304,1,1,1,"CARDIOVASCULAR",0,"No evidence"
"CDKN2B","SmokingFGint","9",22002902,22009304,1,1,1,"GLYCEMIC",0,"No evidence"
"CDKN2B","AUCins","9",22002902,22009304,1,1,1,"GLYCEMIC",0,"No evidence"
"CDKN2B","AlbInT2D","9",22002902,22009304,1,1,1,"DIABETIC COMPLICATIONS",0,"No evidence"
"CDKN2B","HOMAIRadjBMI","9",22002902,22009304,1,1,1,"GLYCEMIC",0,"No evidence"
"CDKN2B","UACR","9",22002902,22009304,1,1,1,"RENAL",0,"No evidence"
"CDKN2B","allDKDadjHbA1cBMI_T1D","9",22002902,22009304,1,1,1,"RENAL",0,"No evidence"
"CDKN2B","KExcretion","9",22002902,22009304,1,1,1,"RENAL",0,"No evidence"
"CDKN2B","PancreasIron","9",22002902,22009304,1,1,1,"GLYCEMIC",0,"No evidence"
"CDKN2B","BUN","9",22002902,22009304,1,1,1,"RENAL",0,"No evidence"
"CDKN2B","Hyperaldosteronism","9",22002902,22009304,1,1,1,"GLYCEMIC",0,"No evidence"
"CDKN2B","LVEDVI","9",22002902,22009304,1,1,1,"CARDIOVASCULAR",0,"No evidence"
"CDKN2B","RAFAC","9",22002902,22009304,1,1,1,"CARDIOVASCULAR",0,"No evidence"
"CDKN2B","RPE","9",22002902,22009304,1,1,1,"OCULAR",0,"No evidence"
"CDKN2B","AllDKDvControl_DM","9",22002902,22009304,1,1,1,"RENAL",0,"No evidence"
"CDKN2B","MA_T1D","9",22002902,22009304,1,1,1,"RENAL",0,"No evidence"
"CDKN2B","BMI","9",22002902,22009304,1,1,1,"ANTHROPOMETRIC",0,"No evidence"
"CDKN2B","BMIbirth","9",22002902,22009304,1,1,1,"ANTHROPOMETRIC",0,"No evidence"
"CDKN2B","CCScCRYPTCE","9",22002902,22009304,1,1,1,"STROKE",0,"No evidence"
"CDKN2B","lateDKD","9",22002902,22009304,1,1,1,"RENAL",0,"No evidence"
"CDKN2B","C22_4n_6","9",22002902,22009304,1,1,1,"LIPIDS",0,"No evidence"
"CDKN2B","CFH1_levels","9",22002902,22009304,1,1,1,"OTHER",0,"No evidence"
"CDKN2B","ISIadjAgeSex","9",22002902,22009304,1,1,1,"GLYCEMIC",0,"No evidence"
"CDKN2B","RAQT","9",22002902,22009304,1,1,1,"SLEEP AND CIRCADIAN",0,"No evidence"
"CDKN2B","BMI5yrs","9",22002902,22009304,1,1,1,"ANTHROPOMETRIC",0,"No evidence"
"CDKN2B","ESRD","9",22002902,22009304,1,1,1,"RENAL",0,"No evidence"
"CDKN2B","GCIPL","9",22002902,22009304,1,1,1,"OCULAR",0,"No evidence"
"CDKN2B","NAFLDscore","9",22002902,22009304,1,1,1,"HEPATIC",0,"No evidence"
"CDKN2B","Peak_insulin_glipizide_adjusted_baseline_insulin","9",22002902,22009304,1,1,1,"SULFONYLUREA RESPONSE",0,"No evidence"
"CDKN2B","QRS","9",22002902,22009304,1,1,1,"ECG TRAITS",0,"No evidence"
"CDKN2B","pSSNS","9",22002902,22009304,1,1,1,"RENAL",0,"No evidence"
"CDKN2B","AM_broad_heavy","9",22002902,22009304,1,1,1,"NUTRITIONAL",0,"No evidence"
"CDKN2B","AvgDesaturation","9",22002902,22009304,1,1,1,"SLEEP AND CIRCADIAN",0,"No evidence"
"CDKN2B","GCC","9",22002902,22009304,1,1,1,"OCULAR",0,"No evidence"
"CDKN2B","LDL_CALCULATED","9",22002902,22009304,1,1,1,"LIPIDS",0,"No evidence"
"CDKN2B","MA_DM","9",22002902,22009304,1,1,1,"RENAL",0,"No evidence"
"CDKN2B","PC3diet","9",22002902,22009304,1,1,1,"NUTRITIONAL",0,"No evidence"
"CDKN2B","PDRvNoPDR","9",22002902,22009304,1,1,1,"DIABETIC COMPLICATIONS",0,"No evidence"
"CDKN2B","SmokingT2Dmain","9",22002902,22009304,1,1,1,"GLYCEMIC",0,"No evidence"
"CDKN2B","lateDKD_T2D","9",22002902,22009304,1,1,1,"RENAL",0,"No evidence"
"CDKN2B","CRF","9",22002902,22009304,1,1,1,"OCULAR",0,"No evidence"
"CDKN2B","ProteinIntakeBMIadj","9",22002902,22009304,1,1,1,"NUTRITIONAL",0,"No evidence"
"CDKN2B","EPATarea","9",22002902,22009304,1,1,1,"CARDIOVASCULAR",0,"No evidence"
"CDKN2B","Rootcm","9",22002902,22009304,1,1,1,"CARDIOVASCULAR",0,"No evidence"
"CDKN2B","eGFRcrcys","9",22002902,22009304,1,1,1,"RENAL",0,"No evidence"
"CDKN2B","eGFRcreaRapid3","9",22002902,22009304,1,1,1,"RENAL",0,"No evidence"
"CDKN2B","AM_heavy_low","9",22002902,22009304,1,1,1,"NUTRITIONAL",0,"No evidence"
"CDKN2B","C12_0","9",22002902,22009304,1,1,1,"LIPIDS",0,"No evidence"
"CDKN2B","C18_1trans","9",22002902,22009304,1,1,1,"LIPIDS",0,"No evidence"
"CDKN2B","UMOD_antibody","9",22002902,22009304,1,1,1,"RENAL",0,"No evidence"
"CDKN2B","AscAortaDiam","9",22002902,22009304,1,1,1,"CARDIOVASCULAR",0,"No evidence"
"CDKN2B","GCL","9",22002902,22009304,1,1,1,"OCULAR",0,"No evidence"
"CDKN2B","Insulin_60_min_glipizide","9",22002902,22009304,1,1,1,"SULFONYLUREA RESPONSE",0,"No evidence"
"CDKN2B","Thyroid","9",22002902,22009304,1,1,1,"GLYCEMIC",0,"No evidence"
"CDKN2B","GGT","9",22002902,22009304,1,1,1,"HEPATIC",0,"No evidence"
"CDKN2B","HBA1CadjBMI","9",22002902,22009304,1,1,1,"GLYCEMIC",0,"No evidence"
"CDKN2B","LVESI","9",22002902,22009304,1,1,1,"CARDIOVASCULAR",0,"No evidence"
"CDKN2B","SCOOPvUKHLS","9",22002902,22009304,1,1,1,"ANTHROPOMETRIC",0,"No evidence"
"CDKN2B","SmokingT2Djoint","9",22002902,22009304,1,1,1,"GLYCEMIC",0,"No evidence"
"CDKN2B","eGFRcrea_T2D","9",22002902,22009304,1,1,1,"RENAL",0,"No evidence"
"CDKN2B","ND","9",22002902,22009304,1,1,1,"OCULAR",0,"No evidence"
"CDKN2B","OcularVD","9",22002902,22009304,1,1,1,"OCULAR",0,"No evidence"
"CDKN2B","DRvNoDR","9",22002902,22009304,1,1,1,"DIABETIC COMPLICATIONS",0,"No evidence"
"CDKN2B","FG","9",22002902,22009304,1,1,1,"GLYCEMIC",0,"No evidence"
"CDKN2B","FG_plus_diab","9",22002902,22009304,1,1,1,"GLYCEMIC",0,"No evidence"
"CDKN2B","ISenBMI","9",22002902,22009304,1,1,1,"GLYCEMIC",0,"No evidence"
"CDKN2B","KSD","9",22002902,22009304,1,1,1,"RENAL",0,"No evidence"
"CDKN2B","SecHypoThyroid","9",22002902,22009304,1,1,1,"GLYCEMIC",0,"No evidence"
"CDKN2B","niHFpEF","9",22002902,22009304,1,1,1,"CARDIOVASCULAR",0,"No evidence"
"CDKN2B","ALT","9",22002902,22009304,1,1,1,"HEPATIC",0,"No evidence"
"CDKN2B","C10_0","9",22002902,22009304,1,1,1,"LIPIDS",0,"No evidence"
"CDKN2B","Dyslipid","9",22002902,22009304,1,1,1,"LIPIDS",0,"No evidence"
"CDKN2B","T1DwNM","9",22002902,22009304,1,1,1,"TYPE 1 DIABETES",0,"No evidence"
"CDKN2B","allDKD_T1D","9",22002902,22009304,1,1,1,"RENAL",0,"No evidence"
"CDKN2B","FT3","9",22002902,22009304,1,1,1,"GLYCEMIC",0,"No evidence"
"CDKN2B","HyperParaThyroid","9",22002902,22009304,1,1,1,"GLYCEMIC",0,"No evidence"
"CDKN2B","P","9",22002902,22009304,1,1,1,"METABOLITE",0,"No evidence"
"CDKN2B","UPCR","9",22002902,22009304,1,1,1,"RENAL",0,"No evidence"
"CDKN2B","WHRadjBMI","9",22002902,22009304,1,1,1,"ANTHROPOMETRIC",0,"No evidence"
"CDKN2B","aortic_velocity_vmin","9",22002902,22009304,1,1,1,"CARDIOVASCULAR",0,"No evidence"
"CDKN2B","smeq_binary","9",22002902,22009304,1,1,1,"SLEEP AND CIRCADIAN",0,"No evidence"
"CDKN2B","CADinNonT2D","9",22002902,22009304,1,1,1,"CARDIOVASCULAR",0,"No evidence"
"CDKN2B","FatIntakeBMIadj","9",22002902,22009304,1,1,1,"NUTRITIONAL",0,"No evidence"
"CDKN2B","HYPERTENSION","9",22002902,22009304,1,1,1,"CARDIOVASCULAR",0,"No evidence"
"CDKN2B","Naps","9",22002902,22009304,1,1,1,"SLEEP AND CIRCADIAN",0,"No evidence"
"CDKN2B","WHRadjBMISMK","9",22002902,22009304,1,1,1,"ANTHROPOMETRIC",0,"No evidence"
"CDKN2B","EarlyAMD","9",22002902,22009304,1,1,1,"OCULAR",0,"No evidence"
"CDKN2B","ISen","9",22002902,22009304,1,1,1,"GLYCEMIC",0,"No evidence"
"CDKN2B","mRSOrdinalAdjSever","9",22002902,22009304,1,1,1,"STROKE",0,"No evidence"
"CDKN2B","BreakfastSkipping","9",22002902,22009304,1,1,1,"NUTRITIONAL",0,"No evidence"
"CDKN2B","Glucose_180_min_glipizide_adjusted_baseline_glucose","9",22002902,22009304,1,1,1,"SULFONYLUREA RESPONSE",0,"No evidence"
"CDKN2B","HypoThyroidNOS","9",22002902,22009304,1,1,1,"GLYCEMIC",0,"No evidence"
"CDKN2B","Ile","9",22002902,22009304,1,1,1,"METABOLITE",0,"No evidence"
"CDKN2B","LacunarStroke","9",22002902,22009304,1,1,1,"STROKE",0,"No evidence"
"CDKN2B","MeanSleepDurationRN","9",22002902,22009304,1,1,1,"SLEEP AND CIRCADIAN",0,"No evidence"
"CDKN2B","Pancreas_volume","9",22002902,22009304,1,1,1,"GLYCEMIC",0,"No evidence"
"CDKN2B","RA","9",22002902,22009304,1,1,1,"SLEEP AND CIRCADIAN",0,"No evidence"
"CDKN2B","SCOOPvSTILTS","9",22002902,22009304,1,1,1,"ANTHROPOMETRIC",0,"No evidence"
"CDKN2B","T2DwNM","9",22002902,22009304,1,1,1,"GLYCEMIC",0,"No evidence"
"CDKN2B","CarbIntakeBMIadj","9",22002902,22009304,1,1,1,"NUTRITIONAL",0,"No evidence"
"CDKN2B","ESRDvNonESRD_DM","9",22002902,22009304,1,1,1,"RENAL",0,"No evidence"
"CDKN2B","eGFRcrea_perc_DeclineNoDM","9",22002902,22009304,1,1,1,"RENAL",0,"No evidence"
"CDKN2B","mRS012v3456","9",22002902,22009304,1,1,1,"STROKE",0,"No evidence"
"CDKN2B","LVmass","9",22002902,22009304,1,1,1,"CARDIOVASCULAR",0,"No evidence"
"CDKN2B","PVD","9",22002902,22009304,1,1,1,"CARDIOVASCULAR",0,"No evidence"
"CDKN2B","AIRadjBMInSI","9",22002902,22009304,1,1,1,"GLYCEMIC",0,"No evidence"
"CDKN2B","AM_broad_low","9",22002902,22009304,1,1,1,"NUTRITIONAL",0,"No evidence"
"CDKN2B","Adiponectin","9",22002902,22009304,1,1,1,"GLYCEMIC",0,"No evidence"
"CDKN2B","C14_0","9",22002902,22009304,1,1,1,"LIPIDS",0,"No evidence"
"CDKN2B","RecurrentStroke","9",22002902,22009304,1,1,1,"STROKE",0,"No evidence"
"CDKN2B","Stumvoll","9",22002902,22009304,1,1,1,"GLYCEMIC",0,"No evidence"
"CDKN2B","T2DwRM","9",22002902,22009304,1,1,1,"GLYCEMIC",0,"No evidence"
"CDKN2B","CKDpDKD_DM","9",22002902,22009304,1,1,1,"RENAL",0,"No evidence"
"CDKN2B","DayDozing","9",22002902,22009304,1,1,1,"SLEEP AND CIRCADIAN",0,"No evidence"
"CDKN2B","LVESAL","9",22002902,22009304,1,1,1,"CARDIOVASCULAR",0,"No evidence"
"CDKN2B","AFxSEX","9",22002902,22009304,1,1,1,"ATRIAL FIBRILLATION",0,"No evidence"
"CDKN2B","LEPadjBMI","9",22002902,22009304,1,1,1,"LIPIDS",0,"No evidence"
"CDKN2B","PituitaryHyper","9",22002902,22009304,1,1,1,"GLYCEMIC",0,"No evidence"
"CDKN2B","2hrG","9",22002902,22009304,1,1,1,"GLYCEMIC",0,"No evidence"
"CDKN2B","STILTSvUKHLS","9",22002902,22009304,1,1,1,"ANTHROPOMETRIC",0,"No evidence"
"CDKN2B","UACR_nonDM","9",22002902,22009304,1,1,1,"RENAL",0,"No evidence"
"CDKN2B","BMI3mons","9",22002902,22009304,1,1,1,"ANTHROPOMETRIC",0,"No evidence"
"CDKN2B","HOMABadjBMI","9",22002902,22009304,1,1,1,"GLYCEMIC",0,"No evidence"
"CDKN2B","T2D_autoimmune","9",22002902,22009304,1,1,1,"GLYCEMIC",0,"No evidence"
"CDKN2B","TotCho","9",22002902,22009304,1,1,1,"METABOLITE",0,"No evidence"
"CDKN2B","eGFRcys","9",22002902,22009304,1,1,1,"RENAL",0,"No evidence"
"CDKN2B","CKDextremes_DM","9",22002902,22009304,1,1,1,"RENAL",0,"No evidence"
"CDKN2B","Insulin_30_min_glipizide","9",22002902,22009304,1,1,1,"SULFONYLUREA RESPONSE",0,"No evidence"
"CDKN2B","RAMinArea","9",22002902,22009304,1,1,1,"CARDIOVASCULAR",0,"No evidence"
"CDKN2B","RBD","9",22002902,22009304,1,1,1,"SLEEP AND CIRCADIAN",0,"No evidence"
"CDKN2B","RVEFtoLVEF","9",22002902,22009304,1,1,1,"CARDIOVASCULAR",0,"No evidence"
"CDKN2B","HIPCadjBMI","9",22002902,22009304,1,1,1,"ANTHROPOMETRIC",0,"No evidence"
"CDKN2B","LDH","9",22002902,22009304,1,1,1,"METABOLITE",0,"No evidence"
"CDKN2B","ONLthickness","9",22002902,22009304,1,1,1,"OCULAR",0,"No evidence"
"CDKN2B","PulseRate","9",22002902,22009304,1,1,1,"CARDIOVASCULAR",0,"No evidence"
"CDKN2B","Stroke_smallvessel","9",22002902,22009304,1,1,1,"STROKE",0,"No evidence"
"CDKN2B","VFD","9",22002902,22009304,1,1,1,"OCULAR",0,"No evidence"
"CDKN2B","ALBUMIN","9",22002902,22009304,1,1,1,"RENAL",0,"No evidence"
"CDKN2B","imitral_regurgitation","9",22002902,22009304,1,1,1,"CARDIOVASCULAR",0,"No evidence"
"CDKN2B","AIR","9",22002902,22009304,1,1,1,"GLYCEMIC",0,"No evidence"
"CDKN2B","Macroalbuminuria_DM","9",22002902,22009304,1,1,1,"RENAL",0,"No evidence"
"CDKN2B","Stroke_largeartery","9",22002902,22009304,1,1,1,"STROKE",0,"No evidence"
"CDKN2B","XXLVLDLpart","9",22002902,22009304,1,1,1,"LIPIDS",0,"No evidence"
"CDKN2B","ApoB","9",22002902,22009304,1,1,1,"LIPIDS",0,"No evidence"
"CDKN2B","CCScCEmajor","9",22002902,22009304,1,1,1,"STROKE",0,"No evidence"
"CDKN2B","CFH_levels","9",22002902,22009304,1,1,1,"OTHER",0,"No evidence"
"CDKN2B","HDL3chol","9",22002902,22009304,1,1,1,"LIPIDS",0,"No evidence"
"CDKN2B","LipoproteinA","9",22002902,22009304,1,1,1,"LIPIDS",0,"No evidence"
"CDKN2B","TG","9",22002902,22009304,1,1,1,"LIPIDS",0,"No evidence"
"CDKN2B","USPR","9",22002902,22009304,1,1,1,"RENAL",0,"No evidence"
"CDKN2B","WeightLossRate","9",22002902,22009304,1,1,1,"ANTHROPOMETRIC",0,"No evidence"
"CDKN2B","DIBIG","9",22002902,22009304,1,1,1,"GLYCEMIC",0,"No evidence"
"CDKN2B","ESRDvControlinT2D","9",22002902,22009304,1,1,1,"RENAL",0,"No evidence"
"CDKN2B","Fasting_glucose_metformin_adjusted_baseline_glucose","9",22002902,22009304,1,1,1,"METFORMIN RESPONSE",0,"No evidence"
"CDKN2B","LVEDA","9",22002902,22009304,1,1,1,"CARDIOVASCULAR",0,"No evidence"
"CDKN2B","LVEDIL","9",22002902,22009304,1,1,1,"CARDIOVASCULAR",0,"No evidence"
"CDKN2B","UA","9",22002902,22009304,1,1,1,"RENAL",0,"No evidence"
"CDKN2B","vitDBP_GChapAdj","9",22002902,22009304,1,1,1,"METABOLITE",0,"No evidence"
"CDKN2B","ALP","9",22002902,22009304,1,1,1,"HEPATIC",0,"No evidence"
"CDKN2B","BILIRUBIN","9",22002902,22009304,1,1,1,"HEPATIC",0,"No evidence"
"CDKN2B","CarbIntake","9",22002902,22009304,1,1,1,"NUTRITIONAL",0,"No evidence"
"CDKN2B","Change_in_fasting_glucose_after_metformin_adjusted_baseline_glucose","9",22002902,22009304,1,1,1,"METFORMIN RESPONSE",0,"No evidence"
"CDKN2B","Glucose_30_min_OGTT_metformin_adjusted_baseline_glucose","9",22002902,22009304,1,1,1,"METFORMIN RESPONSE",0,"No evidence"
"CDKN2B","NPDRvNoDRwDoD","9",22002902,22009304,1,1,1,"DIABETIC COMPLICATIONS",0,"No evidence"
"CDKN2B","SAT","9",22002902,22009304,1,1,1,"ANTHROPOMETRIC",0,"No evidence"
"CDKN2B","WHR","9",22002902,22009304,1,1,1,"ANTHROPOMETRIC",0,"No evidence"
"CDKN2B","lateDKDadjHbA1cBMI_T1D","9",22002902,22009304,1,1,1,"RENAL",0,"No evidence"
"CDKN2B","GFAT","9",22002902,22009304,1,1,1,"ANTHROPOMETRIC",0,"No evidence"
"CDKN2B","PituitaryHypo","9",22002902,22009304,1,1,1,"GLYCEMIC",0,"No evidence"
"CDKN2B","eGFRcreaCKDi25","9",22002902,22009304,1,1,1,"RENAL",0,"No evidence"
"CDKN2B","FAw6","9",22002902,22009304,1,1,1,"LIPIDS",0,"No evidence"
"CDKN2B","GFATadjBMIHeight","9",22002902,22009304,1,1,1,"ANTHROPOMETRIC",0,"No evidence"
"CDKN2B","His","9",22002902,22009304,1,1,1,"METABOLITE",0,"No evidence"
"CDKN2B","allDKD_T2D","9",22002902,22009304,1,1,1,"RENAL",0,"No evidence"
"CDKN2B","ApoA1","9",22002902,22009304,1,1,1,"LIPIDS",0,"No evidence"
"CDKN2B","DescAortaDisten","9",22002902,22009304,1,1,1,"CARDIOVASCULAR",0,"No evidence"
"CDKN2B","Gp","9",22002902,22009304,1,1,1,"METABOLITE",0,"No evidence"
"CDKN2B","RVSV","9",22002902,22009304,1,1,1,"CARDIOVASCULAR",0,"No evidence"
"CDKN2B","SleepInsomnia","9",22002902,22009304,1,1,1,"SLEEP AND CIRCADIAN",0,"No evidence"
"CDKN2B","WEIGHT","9",22002902,22009304,1,1,1,"ANTHROPOMETRIC",0,"No evidence"
"CDKN2B","fLVSV","9",22002902,22009304,1,1,1,"CARDIOVASCULAR",0,"No evidence"
"CDKN2B","ApoA","9",22002902,22009304,1,1,1,"LIPIDS",0,"No evidence"
"CDKN2B","CKD","9",22002902,22009304,1,1,1,"RENAL",0,"No evidence"
"CDKN2B","ESRDinT2D","9",22002902,22009304,1,1,1,"DIABETIC COMPLICATIONS",0,"No evidence"
"CDKN2B","EtOH","9",22002902,22009304,1,1,1,"NUTRITIONAL",0,"No evidence"
"CDKN2B","LVmassBSAindexed","9",22002902,22009304,1,1,1,"CARDIOVASCULAR",0,"No evidence"
"CDKN2B","PancreasFat","9",22002902,22009304,1,1,1,"GLYCEMIC",0,"No evidence"
"CDKN2B","SleepApnea","9",22002902,22009304,1,1,1,"SLEEP AND CIRCADIAN",0,"No evidence"
"CDKN2B","SleepNaps","9",22002902,22009304,1,1,1,"SLEEP AND CIRCADIAN",0,"No evidence"
"CDKN2B","SpO2avg","9",22002902,22009304,1,1,1,"SLEEP AND CIRCADIAN",0,"No evidence"
"CDKN2B","Stroke_deep","9",22002902,22009304,1,1,1,"STROKE",0,"No evidence"
"CDKN2B","toastLAA","9",22002902,22009304,1,1,1,"STROKE",0,"No evidence"
"CDKN2B","NaExcretion","9",22002902,22009304,1,1,1,"RENAL",0,"No evidence"
"CDKN2B","mRSOrdinal","9",22002902,22009304,1,1,1,"STROKE",0,"No evidence"
"CDKN2B","oilyfish","9",22002902,22009304,1,1,1,"NUTRITIONAL",0,"No evidence"
"CDKN2B","AHIinREM","9",22002902,22009304,1,1,1,"SLEEP AND CIRCADIAN",0,"No evidence"
"CDKN2B","Cardiomyopathy","9",22002902,22009304,1,1,1,"CARDIOVASCULAR",0,"No evidence"
"CDKN2B","DCM_broad","9",22002902,22009304,1,1,1,"CARDIOVASCULAR",0,"No evidence"
"CDKN2B","OSthickness","9",22002902,22009304,1,1,1,"OCULAR",0,"No evidence"
"CDKN2B","DirectBilirubin","9",22002902,22009304,1,1,1,"HEPATIC",0,"No evidence"
"CDKN2B","MAadjHbA1cBMI_T1D","9",22002902,22009304,1,1,1,"RENAL",0,"No evidence"
"CDKN2B","SleepEDS","9",22002902,22009304,1,1,1,"SLEEP AND CIRCADIAN",0,"No evidence"
"CDKN2B","Snoring","9",22002902,22009304,1,1,1,"SLEEP AND CIRCADIAN",0,"No evidence"
"CDKN2B","toastCE","9",22002902,22009304,1,1,1,"STROKE",0,"No evidence"
"CDKN2B","AFR","9",22002902,22009304,1,1,1,"ANTHROPOMETRIC",0,"No evidence"
"CDKN2B","ESRDvControladjHbA1cBMI_T1D","9",22002902,22009304,1,1,1,"RENAL",0,"No evidence"
"CDKN2B","PEAKadjBMInSI","9",22002902,22009304,1,1,1,"GLYCEMIC",0,"No evidence"
"CDKN2B","PSC","9",22002902,22009304,1,1,1,"HEPATIC",0,"No evidence"
"CDKN2B","T1DwOM","9",22002902,22009304,1,1,1,"TYPE 1 DIABETES",0,"No evidence"
"CDKN2B","aortic_velocity_vmax","9",22002902,22009304,1,1,1,"CARDIOVASCULAR",0,"No evidence"
"CDKN2B","BMI2yrs","9",22002902,22009304,1,1,1,"ANTHROPOMETRIC",0,"No evidence"
"CDKN2B","LVESV","9",22002902,22009304,1,1,1,"CARDIOVASCULAR",0,"No evidence"
"CDKN2B","RAMaxArea","9",22002902,22009304,1,1,1,"CARDIOVASCULAR",0,"No evidence"
"CDKN2B","Slope_to_glucose_recovery_glipizide_adjusted_baseline_glucose","9",22002902,22009304,1,1,1,"SULFONYLUREA RESPONSE",0,"No evidence"
"CDKN2B","TotPG","9",22002902,22009304,1,1,1,"LIPIDS",0,"No evidence"
"CDKN2B","ao_regurgitation_volume","9",22002902,22009304,1,1,1,"CARDIOVASCULAR",0,"No evidence"
"CDKN2B","ChildObesity","9",22002902,22009304,1,1,1,"ANTHROPOMETRIC",0,"No evidence"
"CDKN2B","Ins30adjBMI","9",22002902,22009304,1,1,1,"GLYCEMIC",0,"No evidence"
"CDKN2B","Stroke_cardioembolic","9",22002902,22009304,1,1,1,"STROKE",0,"No evidence"
"CDKN2B","eGFRcrea_perc_DeclineInDM","9",22002902,22009304,1,1,1,"RENAL",0,"No evidence"
"CDKN2B","pancreasT1time","9",22002902,22009304,1,1,1,"GLYCEMIC",0,"No evidence"
"CDKN2B","AorticStenosis","9",22002902,22009304,1,1,1,"CARDIOVASCULAR",0,"No evidence"
"CDKN2B","C22_5n_3","9",22002902,22009304,1,1,1,"LIPIDS",0,"No evidence"
"CDKN2B","CKDextremes_T1D","9",22002902,22009304,1,1,1,"RENAL",0,"No evidence"
"CDKN2B","FIadjBMI","9",22002902,22009304,1,1,1,"GLYCEMIC",0,"No evidence"
"CDKN2B","IGF1","9",22002902,22009304,1,1,1,"OTHER",0,"No evidence"
"CDKN2B","LiverFat","9",22002902,22009304,1,1,1,"HEPATIC",0,"No evidence"
"CDKN2B","Bicarbonate","9",22002902,22009304,1,1,1,"METABOLITE",0,"No evidence"
"CDKN2B","CCthickness","9",22002902,22009304,1,1,1,"OCULAR",0,"No evidence"
"CDKN2B","Gln","9",22002902,22009304,1,1,1,"METABOLITE",0,"No evidence"
"CDKN2B","MicroInT2D","9",22002902,22009304,1,1,1,"DIABETIC COMPLICATIONS",0,"No evidence"
"CDKN2B","MeanSleepMidPointRN","9",22002902,22009304,1,1,1,"SLEEP AND CIRCADIAN",0,"No evidence"
"CDKN2B","nonlobarSVS","9",22002902,22009304,1,1,1,"STROKE",0,"No evidence"
"CDKN2B","BMI6wks","9",22002902,22009304,1,1,1,"ANTHROPOMETRIC",0,"No evidence"
"CDKN2B","CFH5_levels","9",22002902,22009304,1,1,1,"OTHER",0,"No evidence"
"CDKN2B","IDLchol","9",22002902,22009304,1,1,1,"LIPIDS",0,"No evidence"
"CDKN2B","MUFA","9",22002902,22009304,1,1,1,"LIPIDS",0,"No evidence"
"CDKN2B","PIadjBMI","9",22002902,22009304,1,1,1,"GLYCEMIC",0,"No evidence"
"CDKN2B","RVESVtoLVESV","9",22002902,22009304,1,1,1,"CARDIOVASCULAR",0,"No evidence"
"CDKN2B","SleepInsomnia_ICD","9",22002902,22009304,1,1,1,"SLEEP AND CIRCADIAN",0,"No evidence"
"CDKN2B","AlcoholConsumption","9",22002902,22009304,1,1,1,"NUTRITIONAL",0,"No evidence"
"CDKN2B","CKDpDKD_T1D","9",22002902,22009304,1,1,1,"RENAL",0,"No evidence"
"CDKN2B","LATEF","9",22002902,22009304,1,1,1,"CARDIOVASCULAR",0,"No evidence"
"CDKN2B","LongQT","9",22002902,22009304,1,1,1,"ECG TRAITS",0,"No evidence"
"CDKN2B","SFA","9",22002902,22009304,1,1,1,"LIPIDS",0,"No evidence"
"CDKN2B","Stroke_lobar","9",22002902,22009304,1,1,1,"STROKE",0,"No evidence"
"CDKN2B","xinsG30","9",22002902,22009304,1,1,1,"GLYCEMIC",0,"No evidence"
"CDKN2B","AscAortaDiamInd","9",22002902,22009304,1,1,1,"CARDIOVASCULAR",0,"No evidence"
"CDKN2B","CKDextremesadjHbA1cBMI_T1D","9",22002902,22009304,1,1,1,"RENAL",0,"No evidence"
"CDKN2B","SleepChronotype","9",22002902,22009304,1,1,1,"SLEEP AND CIRCADIAN",0,"No evidence"
"CDKN2B","iaorta_area","9",22002902,22009304,1,1,1,"CARDIOVASCULAR",0,"No evidence"
"CDKN2B","BMI7yrs","9",22002902,22009304,1,1,1,"ANTHROPOMETRIC",0,"No evidence"
"CDKN2B","FastFFA","9",22002902,22009304,1,1,1,"LIPIDS",0,"No evidence"
"CDKN2B","Glucose_30_min_glipizide_adjusted_baseline_glucose","9",22002902,22009304,1,1,1,"SULFONYLUREA RESPONSE",0,"No evidence"
"CDKN2B","MN","9",22002902,22009304,1,1,1,"RENAL",0,"No evidence"
"CDKN2B","MeanSleepL5timeRN","9",22002902,22009304,1,1,1,"SLEEP AND CIRCADIAN",0,"No evidence"
"CDKN2B","PUFA","9",22002902,22009304,1,1,1,"LIPIDS",0,"No evidence"
"CDKN2B","AFxHTN","9",22002902,22009304,1,1,1,"ATRIAL FIBRILLATION",0,"No evidence"
"CDKN2B","C16_0","9",22002902,22009304,1,1,1,"LIPIDS",0,"No evidence"
"CDKN2B","SmokingFGjoint","9",22002902,22009304,1,1,1,"GLYCEMIC",0,"No evidence"
"CDKN2B","liverT1time","9",22002902,22009304,1,1,1,"HEPATIC",0,"No evidence"
"CDKN2B","netLVSV","9",22002902,22009304,1,1,1,"CARDIOVASCULAR",0,"No evidence"
"CDKN2B","toastDETER","9",22002902,22009304,1,1,1,"STROKE",0,"No evidence"
"CDKN2B","AUCinsAUCgluc","9",22002902,22009304,1,1,1,"GLYCEMIC",0,"No evidence"
"CDKN2B","ESRDvControl_T1D","9",22002902,22009304,1,1,1,"RENAL",0,"No evidence"
"CDKN2B","PADnonT2D","9",22002902,22009304,1,1,1,"CARDIOVASCULAR",0,"No evidence"
"CDKN2B","PDRvNoDRwDoD","9",22002902,22009304,1,1,1,"DIABETIC COMPLICATIONS",0,"No evidence"
"CDKN2B","TFR","9",22002902,22009304,1,1,1,"ANTHROPOMETRIC",0,"No evidence"
"CDKN2B","CCSpCryptoincl","9",22002902,22009304,1,1,1,"STROKE",0,"No evidence"
"CDKN2B","Insomnia","9",22002902,22009304,1,1,1,"SLEEP AND CIRCADIAN",0,"No evidence"
"CDKN2B","LVmass-EDVratio","9",22002902,22009304,1,1,1,"CARDIOVASCULAR",0,"No evidence"
"CDKN2B","PBC","9",22002902,22009304,1,1,1,"HEPATIC",0,"No evidence"
"CDKN2B","RAMaxAreaInd","9",22002902,22009304,1,1,1,"CARDIOVASCULAR",0,"No evidence"
"CDKN2B","SleepDuration","9",22002902,22009304,1,1,1,"SLEEP AND CIRCADIAN",0,"No evidence"
"CDKN2B","eGFRcrea_med_DeclineAdjDM","9",22002902,22009304,1,1,1,"RENAL",0,"No evidence"
"CDKN2B","Alb","9",22002902,22009304,1,1,1,"HEPATIC",0,"No evidence"
"CDKN2B","CKDadjHbA1cBMI_T1D","9",22002902,22009304,1,1,1,"RENAL",0,"No evidence"
"CDKN2B","ChildSleepDurationAdjBMI","9",22002902,22009304,1,1,1,"SLEEP AND CIRCADIAN",0,"No evidence"
"CDKN2B","FT3overFT4","9",22002902,22009304,1,1,1,"GLYCEMIC",0,"No evidence"
"CDKN2B","Glucose_90_min_glipizide_adjusted_baseline_glucose","9",22002902,22009304,1,1,1,"SULFONYLUREA RESPONSE",0,"No evidence"
"CDKN2B","LAAEF","9",22002902,22009304,1,1,1,"CARDIOVASCULAR",0,"No evidence"
"CDKN2B","SleepShort","9",22002902,22009304,1,1,1,"SLEEP AND CIRCADIAN",0,"No evidence"
"CDKN2B","eGFRcrea_DM","9",22002902,22009304,1,1,1,"RENAL",0,"No evidence"
"CDKN2B","AbAge","9",22002902,22009304,1,1,1,"OTHER",0,"No evidence"
"CDKN2B","BMI1_5yrs","9",22002902,22009304,1,1,1,"ANTHROPOMETRIC",0,"No evidence"
"CDKN2B","LFR","9",22002902,22009304,1,1,1,"ANTHROPOMETRIC",0,"No evidence"
"CDKN2B","MIinT2D","9",22002902,22009304,1,1,1,"DIABETIC COMPLICATIONS",0,"No evidence"
"CDKN2B","T1DwRM","9",22002902,22009304,1,1,1,"TYPE 1 DIABETES",0,"No evidence"
"CDKN2B","T2D_insulin-deficient","9",22002902,22009304,1,1,1,"GLYCEMIC",0,"No evidence"
"CDKN2B","VATadjBMIHeight","9",22002902,22009304,1,1,1,"ANTHROPOMETRIC",0,"No evidence"
"CDKN2B","Gly","9",22002902,22009304,1,1,1,"METABOLITE",0,"No evidence"
"CDKN2B","ISthickness","9",22002902,22009304,1,1,1,"OCULAR",0,"No evidence"
"CDKN2B","Kidney_volume","9",22002902,22009304,1,1,1,"RENAL",0,"No evidence"
"CDKN2B","LAmin","9",22002902,22009304,1,1,1,"CARDIOVASCULAR",0,"No evidence"
"CDKN2B","toastSAO","9",22002902,22009304,1,1,1,"STROKE",0,"No evidence"
"CDKN2B","CKD_EXT_vGFRinT2D","9",22002902,22009304,1,1,1,"RENAL",0,"No evidence"
"CDKN2B","DCM","9",22002902,22009304,1,1,1,"CARDIOVASCULAR",0,"No evidence"
"CDKN2B","INL","9",22002902,22009304,1,1,1,"OCULAR",0,"No evidence"
"CDKN2B","NAFLDfibrosis","9",22002902,22009304,1,1,1,"HEPATIC",0,"No evidence"
"CDKN2B","NeckCir","9",22002902,22009304,1,1,1,"SLEEP AND CIRCADIAN",0,"No evidence"
"CDKN2B","AM_int_low","9",22002902,22009304,1,1,1,"NUTRITIONAL",0,"No evidence"
"CDKN2B","BFP","9",22002902,22009304,1,1,1,"ANTHROPOMETRIC",0,"No evidence"
"CDKN2B","RNFL","9",22002902,22009304,1,1,1,"OCULAR",0,"No evidence"
"CDKN2B","Time_to_glucose_trough_glipizide","9",22002902,22009304,1,1,1,"SULFONYLUREA RESPONSE",0,"No evidence"
"CDKN2B","VATtoGFAT","9",22002902,22009304,1,1,1,"ANTHROPOMETRIC",0,"No evidence"
"CDKN2B","eGFRcreaInDiabetes","9",22002902,22009304,1,1,1,"RENAL",0,"No evidence"
"CDKN2B","n6FA182","9",22002902,22009304,1,1,1,"LIPIDS",0,"No evidence"
"CDKN2B","AFxAGEy65","9",22002902,22009304,1,1,1,"ATRIAL FIBRILLATION",0,"No evidence"
"CDKN2B","PanAge","9",22002902,22009304,1,1,1,"OTHER",0,"No evidence"
"CDKN2B","cIMTmax","9",22002902,22009304,1,1,1,"CARDIOVASCULAR",0,"No evidence"
"CDKN2B","AIRadjSI","9",22002902,22009304,1,1,1,"GLYCEMIC",0,"No evidence"
"CDKN2B","BMI6mons","9",22002902,22009304,1,1,1,"ANTHROPOMETRIC",0,"No evidence"
"CDKN2B","LPDFF","9",22002902,22009304,1,1,1,"HEPATIC",0,"No evidence"
"CDKN2B","RootcmInd","9",22002902,22009304,1,1,1,"CARDIOVASCULAR",0,"No evidence"
"CDKN2B","StDevSleepDurationRN","9",22002902,22009304,1,1,1,"SLEEP AND CIRCADIAN",0,"No evidence"
"CDKN2B","T2D_obesity-related","9",22002902,22009304,1,1,1,"GLYCEMIC",0,"No evidence"
"CDKN2B","ESRDvControl_DM","9",22002902,22009304,1,1,1,"RENAL",0,"No evidence"
"CDKN2B","LVESA","9",22002902,22009304,1,1,1,"CARDIOVASCULAR",0,"No evidence"
"CDKN2B","LiverAge","9",22002902,22009304,1,1,1,"HEPATIC",0,"No evidence"
"CDKN2B","SleepLong","9",22002902,22009304,1,1,1,"SLEEP AND CIRCADIAN",0,"No evidence"
"CDKN2B","eGFRcrea_med_DeclineInDM","9",22002902,22009304,1,1,1,"RENAL",0,"No evidence"
"CDKN2B","ClaudicationinT2D","9",22002902,22009304,1,1,1,"DIABETIC COMPLICATIONS",0,"No evidence"
"CDKN2B","FGovertime","9",22002902,22009304,1,1,1,"GLYCEMIC",0,"No evidence"
"CDKN2B","FI","9",22002902,22009304,1,1,1,"GLYCEMIC",0,"No evidence"
"CDKN2B","Intraocular_pressure","9",22002902,22009304,1,1,1,"OCULAR",0,"No evidence"
"CDKN2B","Urate","9",22002902,22009304,1,1,1,"RENAL",0,"No evidence"
"CDKN2B","Val","9",22002902,22009304,1,1,1,"METABOLITE",0,"No evidence"
"CDKN2B","allSVS","9",22002902,22009304,1,1,1,"STROKE",0,"No evidence"
"CDKN2B","lateDKD_T1D","9",22002902,22009304,1,1,1,"RENAL",0,"No evidence"
"CDKN2B","AbFR","9",22002902,22009304,1,1,1,"ANTHROPOMETRIC",0,"No evidence"
"CDKN2B","BMI8yrs","9",22002902,22009304,1,1,1,"ANTHROPOMETRIC",0,"No evidence"
"CDKN2B","C18_1n_9","9",22002902,22009304,1,1,1,"LIPIDS",0,"No evidence"
"CDKN2B","CFH3_levels","9",22002902,22009304,1,1,1,"OTHER",0,"No evidence"
"CDKN2B","Glucose_60_min_OGTT_metformin_adjusted_baseline_glucose","9",22002902,22009304,1,1,1,"METFORMIN RESPONSE",0,"No evidence"
"CDKN2B","K","9",22002902,22009304,1,1,1,"METABOLITE",0,"No evidence"
"CDKN2B","Phe","9",22002902,22009304,1,1,1,"METABOLITE",0,"No evidence"
"CDKN2B","RVEDV","9",22002902,22009304,1,1,1,"CARDIOVASCULAR",0,"No evidence"
"CDKN2B","BMIadjSMK","9",22002902,22009304,1,1,1,"ANTHROPOMETRIC",0,"No evidence"
"CDKN2B","C20_0","9",22002902,22009304,1,1,1,"LIPIDS",0,"No evidence"
"CDKN2B","CK","9",22002902,22009304,1,1,1,"CARDIOVASCULAR",0,"No evidence"
"CDKN2B","Glucose_60_min_glipizide_adjusted_baseline_glucose","9",22002902,22009304,1,1,1,"SULFONYLUREA RESPONSE",0,"No evidence"
"CDKN2B","ISR","9",22002902,22009304,1,1,1,"GLYCEMIC",0,"No evidence"
"CDKN2B","Insulin_30_min_OGTT_metformin","9",22002902,22009304,1,1,1,"METFORMIN RESPONSE",0,"No evidence"
"CDKN2B","KleineLevinSynd","9",22002902,22009304,1,1,1,"SLEEP AND CIRCADIAN",0,"No evidence"
"CDKN2B","LVESVI","9",22002902,22009304,1,1,1,"CARDIOVASCULAR",0,"No evidence"
"CDKN2B","VaricoseVeins","9",22002902,22009304,1,1,1,"CARDIOVASCULAR",0,"No evidence"
"CDKN2B","CreatinineUrinary","9",22002902,22009304,1,1,1,"RENAL",0,"No evidence"
"CDKN2B","HyperThyroid","9",22002902,22009304,1,1,1,"GLYCEMIC",0,"No evidence"
"CDKN2B","Insulin_90_min_glipizide","9",22002902,22009304,1,1,1,"SULFONYLUREA RESPONSE",0,"No evidence"
"CDKN2B","MacrovControl","9",22002902,22009304,1,1,1,"RENAL",0,"No evidence"
"CDKN2B","AFxAGE","9",22002902,22009304,1,1,1,"ATRIAL FIBRILLATION",0,"No evidence"
"CDKN2B","CIR","9",22002902,22009304,1,1,1,"GLYCEMIC",0,"No evidence"
"CDKN2B","Obesity","9",22002902,22009304,1,1,1,"ANTHROPOMETRIC",0,"No evidence"
"CDKN2B","IFCadjBMI","9",22002902,22009304,1,1,1,"GLYCEMIC",0,"No evidence"
"CDKN2B","PADinT2D","9",22002902,22009304,1,1,1,"CARDIOVASCULAR",0,"No evidence"
"CDKN2B","PDRvNoDR","9",22002902,22009304,1,1,1,"DIABETIC COMPLICATIONS",0,"No evidence"
"CDKN2B","xinsdG30","9",22002902,22009304,1,1,1,"GLYCEMIC",0,"No evidence"
"CDKN2B","BirthHeadCir","9",22002902,22009304,1,1,1,"ANTHROPOMETRIC",0,"No evidence"
"CDKN2B","Cirrhosis","9",22002902,22009304,1,1,1,"HEPATIC",0,"No evidence"
"CDKN2B","IGI","9",22002902,22009304,1,1,1,"GLYCEMIC",0,"No evidence"
"CDKN2B","vitDBP","9",22002902,22009304,1,1,1,"METABOLITE",0,"No evidence"
"CDKN2B","ASATadjBMIHeight","9",22002902,22009304,1,1,1,"ANTHROPOMETRIC",0,"No evidence"
"CDKN2B","CKDinT2D","9",22002902,22009304,1,1,1,"DIABETIC COMPLICATIONS",0,"No evidence"
"CDKN2B","CKDpDKD","9",22002902,22009304,1,1,1,"RENAL",0,"No evidence"
"CDKN2B","CRP","9",22002902,22009304,1,1,1,"CARDIOVASCULAR",0,"No evidence"
"CDKN2B","HDL","9",22002902,22009304,1,1,1,"LIPIDS",0,"No evidence"
"CDKN2B","ISIadjBMIinterGenoBMI","9",22002902,22009304,1,1,1,"GLYCEMIC",0,"No evidence"
"CDKN2B","QTc","9",22002902,22009304,1,1,1,"ECG TRAITS",0,"No evidence"
"CDKN2B","RVEDVI","9",22002902,22009304,1,1,1,"CARDIOVASCULAR",0,"No evidence"
"CDKN2B","RVSVI","9",22002902,22009304,1,1,1,"CARDIOVASCULAR",0,"No evidence"
"CDKN2B","T1DwKA","9",22002902,22009304,1,1,1,"TYPE 1 DIABETES",0,"No evidence"
"CDKN2B","Change_in_fasting_insulin_after_metformin_adjusted_baseline_insulin","9",22002902,22009304,1,1,1,"METFORMIN RESPONSE",0,"No evidence"
"CDKN2B","Glucose_120_min_OGTT_metformin_adjusted_baseline_glucose","9",22002902,22009304,1,1,1,"METFORMIN RESPONSE",0,"No evidence"
"CDKN2B","Neuromyelitis_optica_IgG_minus","9",22002902,22009304,1,1,1,"OCULAR",0,"No evidence"
"CDKN2B","BIGTT-AIR","9",22002902,22009304,1,1,1,"GLYCEMIC",0,"No evidence"
"CDKN2B","Insulin_120_min_glipizide","9",22002902,22009304,1,1,1,"SULFONYLUREA RESPONSE",0,"No evidence"
"CDKN2B","NAFLDinT2D","9",22002902,22009304,1,1,1,"DIABETIC COMPLICATIONS",0,"No evidence"
"CDKN2B","RVEF","9",22002902,22009304,1,1,1,"CARDIOVASCULAR",0,"No evidence"
"CDKN2B","aortic_velocity_vmax_ao_adjusted","9",22002902,22009304,1,1,1,"CARDIOVASCULAR",0,"No evidence"
"CDKN2B","cIMTmean","9",22002902,22009304,1,1,1,"CARDIOVASCULAR",0,"No evidence"
"CDKN2B","renalcortexT1time","9",22002902,22009304,1,1,1,"RENAL",0,"No evidence"
"CDKN2B","FT4","9",22002902,22009304,1,1,1,"GLYCEMIC",0,"No evidence"
"CDKN2B","WCadjBMISMK","9",22002902,22009304,1,1,1,"ANTHROPOMETRIC",0,"No evidence"
"CDKN2B","BMI3yrs","9",22002902,22009304,1,1,1,"ANTHROPOMETRIC",0,"No evidence"
"CDKN2B","Ferritin","9",22002902,22009304,1,1,1,"METABOLITE",0,"No evidence"
"CDKN2B","HypertensioninT2D","9",22002902,22009304,1,1,1,"DIABETIC COMPLICATIONS",0,"No evidence"
"CDKN2B","Optic_disc_area","9",22002902,22009304,1,1,1,"OCULAR",0,"No evidence"
"CDKN2B","Ala","9",22002902,22009304,1,1,1,"METABOLITE",0,"No evidence"
"CDKN2B","AnyCVD","9",22002902,22009304,1,1,1,"CARDIOVASCULAR",0,"No evidence"
"CDKN2B","C20_3n_6","9",22002902,22009304,1,1,1,"LIPIDS",0,"No evidence"
"CDKN2B","CSSNS","9",22002902,22009304,1,1,1,"RENAL",0,"No evidence"
"CDKN2B","DiabeticNephro","9",22002902,22009304,1,1,1,"DIABETIC COMPLICATIONS",0,"No evidence"
"CDKN2B","NAFLD","9",22002902,22009304,1,1,1,"HEPATIC",0,"No evidence"
"CDKN2B","PAtoARdia","9",22002902,22009304,1,1,1,"CARDIOVASCULAR",0,"No evidence"
"CDKN2B","smeq_cont","9",22002902,22009304,1,1,1,"SLEEP AND CIRCADIAN",0,"No evidence"
"CDKN2B","toastUNDETER","9",22002902,22009304,1,1,1,"STROKE",0,"No evidence"
"CDKN2B","Neuromyelitis_optica","9",22002902,22009304,1,1,1,"OCULAR",0,"No evidence"
"CDKN2B","Tyr","9",22002902,22009304,1,1,1,"METABOLITE",0,"No evidence"
"CDKN2B","UMOD_aptamer","9",22002902,22009304,1,1,1,"RENAL",0,"No evidence"
"CDKN2B","VATtoASAT","9",22002902,22009304,1,1,1,"ANTHROPOMETRIC",0,"No evidence"
"CDKN2B","CKDpDKDadjHbA1cBMI_T1D","9",22002902,22009304,1,1,1,"RENAL",0,"No evidence"
"CDKN2B","Cit","9",22002902,22009304,1,1,1,"METABOLITE",0,"No evidence"
"CDKN2B","IronDef","9",22002902,22009304,1,1,1,"NUTRITIONAL",0,"No evidence"
"CDKN2B","AcqHypoThyroid","9",22002902,22009304,1,1,1,"GLYCEMIC",0,"No evidence"
"CDKN2B","CPEP_FAST","9",22002902,22009304,1,1,1,"GLYCEMIC",0,"No evidence"
"CDKN2B","DescAortaStrain","9",22002902,22009304,1,1,1,"CARDIOVASCULAR",0,"No evidence"
"CDKN2B","PAcmInd","9",22002902,22009304,1,1,1,"CARDIOVASCULAR",0,"No evidence"
"CDKN2B","RAMinAreaInd","9",22002902,22009304,1,1,1,"CARDIOVASCULAR",0,"No evidence"
"CDKN2B","SVI","9",22002902,22009304,1,1,1,"CARDIOVASCULAR",0,"No evidence"
"CDKN2B","EO_Stroke_ischemic","9",22002902,22009304,1,1,1,"STROKE",0,"No evidence"
"CDKN2B","HOMAIR","9",22002902,22009304,1,1,1,"GLYCEMIC",0,"No evidence"
"CDKN2B","ThoracicAA","9",22002902,22009304,1,1,1,"CARDIOVASCULAR",0,"No evidence"
"CDKN2B","VLDLchol","9",22002902,22009304,1,1,1,"LIPIDS",0,"No evidence"
"CDKN2B","BSadjFastingTime","9",22002902,22009304,1,1,1,"GLYCEMIC",0,"No evidence"
"CDKN2B","Stroke_hemorrhagic","9",22002902,22009304,1,1,1,"STROKE",0,"No evidence"
"CDKN2B","TGinT2D","9",22002902,22009304,1,1,1,"LIPIDS",0,"No evidence"
"CDKN2B","CSI","9",22002902,22009304,1,1,1,"OCULAR",0,"No evidence"
"CDKN2B","ChildSleepDuration","9",22002902,22009304,1,1,1,"SLEEP AND CIRCADIAN",0,"No evidence"
"CDKN2B","SevereDKD","9",22002902,22009304,1,1,1,"RENAL",0,"No evidence"
"CDKN2B","mRS01v23456","9",22002902,22009304,1,1,1,"STROKE",0,"No evidence"
"CDKN2B","CKD_T2D","9",22002902,22009304,1,1,1,"RENAL",0,"No evidence"
"CDKN2B","Glucose_240_min_glipizide_adjusted_baseline_glucose","9",22002902,22009304,1,1,1,"SULFONYLUREA RESPONSE",0,"No evidence"
"CDKN2B","ISI","9",22002902,22009304,1,1,1,"GLYCEMIC",0,"No evidence"
"CDKN2B","LAmax","9",22002902,22009304,1,1,1,"CARDIOVASCULAR",0,"No evidence"
"CDKN2B","Ace","9",22002902,22009304,1,1,1,"METABOLITE",0,"No evidence"
"CDKN2B","CIRadjISI","9",22002902,22009304,1,1,1,"GLYCEMIC",0,"No evidence"
"CDKN2B","Change_in_HOMA_IR_after_metformin","9",22002902,22009304,1,1,1,"METFORMIN RESPONSE",0,"No evidence"
"CDKN2B","MAP","9",22002902,22009304,1,1,1,"CARDIOVASCULAR",0,"No evidence"
"CDKN2B","bOHBut","9",22002902,22009304,1,1,1,"METABOLITE",0,"No evidence"
"CDKN2B","tLVSV","9",22002902,22009304,1,1,1,"CARDIOVASCULAR",0,"No evidence"
"CDKN2B","PDRvNoPDRwDoD","9",22002902,22009304,1,1,1,"DIABETIC COMPLICATIONS",0,"No evidence"
"CDKN2B","mRS01v23456AdjSever","9",22002902,22009304,1,1,1,"STROKE",0,"No evidence"
"CDKN2B","HOMAB","9",22002902,22009304,1,1,1,"GLYCEMIC",0,"No evidence"
"CDKN2B","Time_to_peak_insulin_glipizide","9",22002902,22009304,1,1,1,"SULFONYLUREA RESPONSE",0,"No evidence"
"CDKN2B","ao_regurgitation_fraction","9",22002902,22009304,1,1,1,"CARDIOVASCULAR",0,"No evidence"
"CDKN2B","MA_T2D","9",22002902,22009304,1,1,1,"RENAL",0,"No evidence"
"CDKN2B","RemnantC","9",22002902,22009304,1,1,1,"LIPIDS",0,"No evidence"
"CDKN2B","Fasting_insulin_metformin","9",22002902,22009304,1,1,1,"METFORMIN RESPONSE",0,"No evidence"
"CDKN2B","T2D_nopreg","9",22002902,22009304,1,1,1,"GLYCEMIC",0,"No evidence"
"CDKN2B","CCScSAO","9",22002902,22009304,1,1,1,"STROKE",0,"No evidence"
"CDKN2B","CFH4_levels","9",22002902,22009304,1,1,1,"OTHER",0,"No evidence"
"CDKN2B","CKFrac","9",22002902,22009304,1,1,1,"CARDIOVASCULAR",0,"No evidence"
"CDKN2B","mRS012v3456AdjSever","9",22002902,22009304,1,1,1,"STROKE",0,"No evidence"
"CDKN2B","AUC_insulin_OGTT_metformin","9",22002902,22009304,1,1,1,"METFORMIN RESPONSE",0,"No evidence"
"CDKN2B","DiabeticRetino","9",22002902,22009304,1,1,1,"DIABETIC COMPLICATIONS",0,"No evidence"
"CDKN2B","Keratoconus","9",22002902,22009304,1,1,1,"OCULAR",0,"No evidence"
"CDKN2B","PI","9",22002902,22009304,1,1,1,"GLYCEMIC",0,"No evidence"
"CDKN2B","niHF","9",22002902,22009304,1,1,1,"CARDIOVASCULAR",0,"No evidence"
"CDKN2B","niHFrEF","9",22002902,22009304,1,1,1,"CARDIOVASCULAR",0,"No evidence"
"CDKN2B","CCScLAA","9",22002902,22009304,1,1,1,"STROKE",0,"No evidence"
"CDKN2B","CCSpCEmajincl","9",22002902,22009304,1,1,1,"STROKE",0,"No evidence"
"CDKN2B","ESRDvNonESRD_T1D","9",22002902,22009304,1,1,1,"RENAL",0,"No evidence"
"CDKN2B","FGadjBMI","9",22002902,22009304,1,1,1,"GLYCEMIC",0,"No evidence"
"CDKN2B","Glucose_120_min_glipizide_adjusted_baseline_glucose","9",22002902,22009304,1,1,1,"SULFONYLUREA RESPONSE",0,"No evidence"
"CDKN2B","HIPC","9",22002902,22009304,1,1,1,"ANTHROPOMETRIC",0,"No evidence"
"CDKN2B","Sodium","9",22002902,22009304,1,1,1,"METABOLITE",0,"No evidence"
"CDKN2B","TGnonT2D","9",22002902,22009304,1,1,1,"LIPIDS",0,"No evidence"
"CDKN2B","eGFRcrea_med_DeclineInCKD","9",22002902,22009304,1,1,1,"RENAL",0,"No evidence"
"CDKN2B","BMI1yr","9",22002902,22009304,1,1,1,"ANTHROPOMETRIC",0,"No evidence"
"CDKN2B","DIadjBMI","9",22002902,22009304,1,1,1,"GLYCEMIC",0,"No evidence"
"CDKN2B","GluCorticoidDef","9",22002902,22009304,1,1,1,"GLYCEMIC",0,"No evidence"
"CDKN2B","IFC","9",22002902,22009304,1,1,1,"GLYCEMIC",0,"No evidence"
"CDKN2B","NeuropathyinT2D","9",22002902,22009304,1,1,1,"DIABETIC COMPLICATIONS",0,"No evidence"
"CDKN2B","PUV","9",22002902,22009304,1,1,1,"RENAL",0,"No evidence"
"CDKN2B","AdrenalHypo","9",22002902,22009304,1,1,1,"GLYCEMIC",0,"No evidence"
"CDKN2B","TSH","9",22002902,22009304,1,1,1,"GLYCEMIC",0,"No evidence"
"CDKN2B","eGFRcrea_T1D","9",22002902,22009304,1,1,1,"RENAL",0,"No evidence"
"CDKN2B","AHI","9",22002902,22009304,1,1,1,"SLEEP AND CIRCADIAN",0,"No evidence"
"CDKN2B","LVEDIS","9",22002902,22009304,1,1,1,"CARDIOVASCULAR",0,"No evidence"
"CDKN2B","NPDRvNoDR","9",22002902,22009304,1,1,1,"DIABETIC COMPLICATIONS",0,"No evidence"
"CDKN2B","SVL","9",22002902,22009304,1,1,1,"CARDIOVASCULAR",0,"No evidence"
"CDKN2B","2hrGadjBMI","9",22002902,22009304,1,1,1,"GLYCEMIC",0,"No evidence"
"CDKN2B","CKDpDKDinT2D","9",22002902,22009304,1,1,1,"RENAL",0,"No evidence"
"CDKN2B","ESRDvMacro_DM","9",22002902,22009304,1,1,1,"RENAL",0,"No evidence"
"CDKN2B","StrokeinT2D","9",22002902,22009304,1,1,1,"DIABETIC COMPLICATIONS",0,"No evidence"
"CDKN2B","AST_ALT_ratio","9",22002902,22009304,1,1,1,"HEPATIC",0,"No evidence"
"CDKN2B","LVEDI","9",22002902,22009304,1,1,1,"CARDIOVASCULAR",0,"No evidence"
"CDKN2B","LVEF","9",22002902,22009304,1,1,1,"CARDIOVASCULAR",0,"No evidence"
"CDKN2B","Leu","9",22002902,22009304,1,1,1,"METABOLITE",0,"No evidence"
"CDKN2B","MacrovControladjHbA1cBMI_T1D","9",22002902,22009304,1,1,1,"RENAL",0,"No evidence"
"CDKN2B","PS","9",22002902,22009304,1,1,1,"OCULAR",0,"No evidence"
"CDKN2B","USCR","9",22002902,22009304,1,1,1,"RENAL",0,"No evidence"
"CDKN2B","eGFRcreaNoDiabetes","9",22002902,22009304,1,1,1,"RENAL",0,"No evidence"
"CDKN2B","2hrFFA","9",22002902,22009304,1,1,1,"LIPIDS",0,"No evidence"
"CDKN2B","AF","9",22002902,22009304,1,1,1,"ATRIAL FIBRILLATION",0,"No evidence"
"CDKN2B","C20_4n_6","9",22002902,22009304,1,1,1,"LIPIDS",0,"No evidence"
"CDKN2B","HR","9",22002902,22009304,1,1,1,"CARDIOVASCULAR",0,"No evidence"
"CDKN2B","ISIadjAgeSexBMI","9",22002902,22009304,1,1,1,"GLYCEMIC",0,"No evidence"
"CDKN2B","ISRadjBMI","9",22002902,22009304,1,1,1,"GLYCEMIC",0,"No evidence"
"CDKN2B","IgAN","9",22002902,22009304,1,1,1,"RENAL",0,"No evidence"
"CDKN2B","Ins30","9",22002902,22009304,1,1,1,"GLYCEMIC",0,"No evidence"
"CDKN2B","LVESAS","9",22002902,22009304,1,1,1,"CARDIOVASCULAR",0,"No evidence"
"CDKN2B","PulmonaryHT","9",22002902,22009304,1,1,1,"CARDIOVASCULAR",0,"No evidence"
"CDKN2B","T2D_age-related","9",22002902,22009304,1,1,1,"GLYCEMIC",0,"No evidence"
"CDKN2B","PEAKadjSI","9",22002902,22009304,1,1,1,"GLYCEMIC",0,"No evidence"
"CDKN2B","PRI","9",22002902,22009304,1,1,1,"ECG TRAITS",0,"No evidence"
"CDKN2B","Pwave_duration","9",22002902,22009304,1,1,1,"ECG TRAITS",0,"No evidence"
"CDKN2B","ESRDvNonESRDinT2D","9",22002902,22009304,1,1,1,"RENAL",0,"No evidence"
"CDKN2B","FatIntake","9",22002902,22009304,1,1,1,"NUTRITIONAL",0,"No evidence"
"CDKN2B","Incr30","9",22002902,22009304,1,1,1,"GLYCEMIC",0,"No evidence"
"CDKN2B","InfantHeadCir","9",22002902,22009304,1,1,1,"ANTHROPOMETRIC",0,"No evidence"
"CDKN2B","RVESVI","9",22002902,22009304,1,1,1,"CARDIOVASCULAR",0,"No evidence"
"CDKN2B","2hrI","9",22002902,22009304,1,1,1,"GLYCEMIC",0,"No evidence"
"CDKN2B","AFxAGEo65","9",22002902,22009304,1,1,1,"ATRIAL FIBRILLATION",0,"No evidence"
"CDKN2B","AVAP_AVRT","9",22002902,22009304,1,1,1,"CARDIOVASCULAR",0,"No evidence"
"CDKN2B","AdiponectinadjBMI","9",22002902,22009304,1,1,1,"GLYCEMIC",0,"No evidence"
"CDKN2B","AscAortaDisten","9",22002902,22009304,1,1,1,"CARDIOVASCULAR",0,"No evidence"
"CDKN2B","Liver_volume","9",22002902,22009304,1,1,1,"HEPATIC",0,"No evidence"
"CDKN2B","NICM","9",22002902,22009304,1,1,1,"CARDIOVASCULAR",0,"No evidence"
"CDKN2B","AIpredictedAF","9",22002902,22009304,1,1,1,"ATRIAL FIBRILLATION",0,"No evidence"
"CDKN2B","AVNRT","9",22002902,22009304,1,1,1,"CARDIOVASCULAR",0,"No evidence"
"CDKN2B","RVESV","9",22002902,22009304,1,1,1,"CARDIOVASCULAR",0,"No evidence"
"CDKN2B","WAISTadjBMI","9",22002902,22009304,1,1,1,"ANTHROPOMETRIC",0,"No evidence"
"CDKN2B","WeightLossTotal","9",22002902,22009304,1,1,1,"ANTHROPOMETRIC",0,"No evidence"
"CDKN2B","T2D_insulin-resistant","9",22002902,22009304,1,1,1,"GLYCEMIC",0,"No evidence"