gene,variantId,chr_bp,alleles,class
CDKN2A,rs10757283,9:22134173,C/A/G/T,SNP
CDKN2A,rs10811660,9:22134069,G/A/C/T,SNP
CDKN2A,rs10811661,9:22134095,T/A/C,SNP
CDKN2A,rs10811662,9:22134254,G/A/C,SNP
CDKN2A,rs10965247,9:22132730,A/G,SNP
CDKN2A,rs10965248,9:22132879,T/C/G,SNP
CDKN2A,rs10965250,9:22133285,G/A,SNP
CDKN2A,rs1333051,9:22136490,A/G/T,SNP
CDKN2A,rs1333052,9:22157909,A/C/G/T,SNP
CDKN2A,rs1412830,9:22043613,C/T,SNP
CDKN2A,rs1575972,9:22301093,T/A,SNP
CDKN2A,rs2383208,9:22132077,A/G/T,SNP
CDKN2A,rs564398,9:22029548,T/C,SNP
CDKN2A,rs7020996,9:22129580,C/A/G/T,SNP
CDKN2A,rs76011118,9:22133774,G/A/C,SNP
CDKN2B,rs10757283,9:22134173,C/A/G/T,SNP
CDKN2B,rs10811660,9:22134069,G/A/C/T,SNP
CDKN2B,rs10811661,9:22134095,T/A/C,SNP
CDKN2B,rs10811662,9:22134254,G/A/C,SNP
CDKN2B,rs10965250,9:22133285,G/A,SNP
CDKN2B,rs1333051,9:22136490,A/G/T,SNP
CDKN2B,rs1333052,9:22157909,A/C/G/T,SNP
CDKN2B,rs1412830,9:22043613,C/T,SNP
CDKN2B,rs1575972,9:22301093,T/A,SNP
CDKN2B,rs2383208,9:22132077,A/G/T,SNP
CDKN2B,rs564398,9:22029548,T/C,SNP
CDKN2B,rs7018475,9:22137686,T/G,SNP
CDKN2B,rs7020996,9:22129580,C/A/G/T,SNP
CDKN2B,rs76011118,9:22133774,G/A/C,SNP
CDKN2B,rs10738607,9:22088095,A/C/G/T,SNP
CDKN2B,rs3217978,9:22007331,C/A,SNP
CDKN2B,rs4977574,9:22098575,A/G/T,SNP
CDKN2B,rs1333049,9:22125504,G/A/C,SNP
CDKN2B,rs4977574,9:22098575,A/G/T,SNP
CDKN2B,rs564398,9:22029548,T/C,SNP
CDKN2B,rs944797,9:22115287,T/A/C/G,SNP
CDKN2B,rs1831733,9:22076072,T/C,SNP

